{
    "0": [
        0.9019607843137255,
        0.09803921568627451,
        0.29411764705882354
    ],
    "1": [
        0.23529411764705882,
        0.7058823529411765,
        0.29411764705882354
    ],
    "2": [
        1.0,
        0.8823529411764706,
        0.09803921568627451
    ],
    "3": [
        0.2627450980392157,
        0.38823529411764707,
        0.8470588235294118
    ]
}